,https://www.sharesansar.com/announcementdetail/sabaiko-laghubitta-bittiya-sanstha-limited-has-announced-its-7th-agm-going-to-be-held-on-19th-falgun-2080-2024-02-07
,https://www.sharesansar.com/announcementdetail/multipurpose-finance-company-limited-has-announced-its-26th-agm-going-to-be-held-on-18th-falgun-2080-2024-02-07
,https://www.sharesansar.com/announcementdetail/salapa-bikas-bank-limited-has-announced-its-11th-agm-going-to-be-held-on-19th-falgun-2080-2024-02-07
,https://www.sharesansar.com/announcementdetail/akama-hotel-limited-has-announced-its-sgm-going-to-be-held-on-14th-falgun-2080-2024-02-07
,https://www.sharesansar.com/announcementdetail/the-existing-promoters-of-prime-commercial-bank-limited-is-selling-41050-units-promoter-shares-in-an-auction-to-the-qualified-interested-promoter-shareholdersgeneral-publiccompanyinstitutions-from-24th-magh-to-4th-falgun-2080-2024-02-07
,https://www.sharesansar.com/announcementdetail/chhimek-laghubitta-bittiya-sanstha-limited-has-posted-a-net-profit-of-rs-43622-million-and-published-its-2nd-quarter-company-analysis-of-the-fiscal-year-208081-2024-02-07
,https://www.sharesansar.com/announcementdetail/molung-hydropower-company-limited-has-posted-a-net-profit-of-rs-457-million-and-published-its-2nd-quarter-company-analysis-of-the-fiscal-year-208081-2024-02-07
,https://www.sharesansar.com/announcementdetail/united-idi-mardi-and-rb-hydropower-limited-has-posted-a-net-profit-of-rs-2204-million-and-published-its-2nd-quarter-company-analysis-of-the-fiscal-year-208081-2024-02-07
,https://www.sharesansar.com/announcementdetail/protective-micro-insurance-limited-has-posted-a-net-profit-of-rs-095-million-and-published-its-2nd-quarter-company-analysis-of-the-fiscal-year-208081-2024-02-07
,https://www.sharesansar.com/announcementdetail/mathillo-mailun-khola-jalvidhyut-limited-has-posted-a-net-loss-of-rs-784-million-and-published-its-2nd-quarter-company-analysis-of-the-fiscal-year-208081-2024-02-07
